95533	建设银行	银行	757526
10086	中国移动	通信	566139
95599	中国农业银行	银行	536755
95588	工商银行	银行	455277
10001	中国电信	通信	450104
95566	中国银行	银行	257672
95580	中国邮政储蓄	银行	189218
11888	翼支付	移动支付	145441
95559	交通银行	银行	140343
95555	招商银行	银行	129048
10010	中国联通	通信	119051
1069095599	中国农业银行	银行	86687
95188	淘宝贷款	信贷	83622
10000	中国电信	通信	71612
95595	光大银行	银行	66476
106980095188	支付宝	移动支付	51533
106980095533	中国建设银行	银行	50086
95561	兴业银行	银行	47475
1065813919	浙商证券	证券	46214
95508	广东发展银行	银行	45999
95528	上海浦发银行	银行	43935
95568	中国民生银行	银行	36717
95511	平安银行	银行	33158
106929395555	招商银行	银行	30731
106980095558	中信银行	银行	30533
10620121	天气预报	增值服务	29691
10658678	中国移动	通信	29191
1065795555	招商银行信用卡	银行	25289
10659059001	支付宝	移动支付	24796
10658888	和包支付帐户	移动支付	24377
106598731	中国电信	通信	24352
106912095568	民生银行	银行	24198
95516	中国银联	移动支付	23883
953115881106900015	菜鸟驿站	物流	22365
10627997	山东手机报	增值服务	22216
12306	中铁集团	建筑业	20684
10659200	华夏银行	银行	20524
1065808001	咪咕阅读	增值服务	18497
10659114101	号码百事通	通信	18015
9555801	中信银行	银行	17166
10658098	中国移动农信通	通信	16965
95577	华夏银行	银行	16635
1065092200102	中国移动高频骚扰电话防护（疑似）	增值服务	16453
1065902595188	支付宝	移动支付	15687
106590595188	蚂蚁花呗	移动支付	15650
106980096668	山东农商银行	银行	14242
106980096288	河南农信	银行	14048
1069800096008	江苏农信	银行	13566
10690759888	交通银行信用卡	银行	13412
106907795528	浦发银行	银行	13329
106902895577	华夏信用卡	银行	12981
106905695559	交通银行	银行	12283
106589996688	中国移动	通信	12209
1069379511183	中国邮政	物流	12023
10690195966888	广西农信	银行	11831
106980095566	中国银行	银行	11704
10639585	乌鲁木齐公共手机短信平台	政府机构	11450
1065911468	号码百事通	通信	10856
106350096369	河北省农村信用社	银行	10608
10692799551186	平安银行	银行	10427
106980096336	福建省农村信用社	银行	10212
106350096138	广东农信	银行	10102
95017	微信支付	移动支付	9733
10658112	中国移动语音信箱服务	通信	9636
10628841	贵州农信	银行	9619
10690749	北京心一瑞响信息技术	移动互联网	9560
95526	北京银行	银行	9424
106576696596	浙江农信	银行	9403
106927995511	平安银行	银行	9104
106910096596	新疆农信	银行	8865
1065584170			8853
10690195558	中信银行	银行	8840
106591892	189邮箱	通信	8811
95389	重庆农商	银行	8684
1065920101	中华人民共和国国家安全法	政府机构	8564
10659700	四川手机报	通信	8539
1065883099	中国移动	通信	8537
95594	上海银行	银行	8484
11183	EMS	物流	8353
10659057196596	浙江农信联社	银行	8162
953112076	快递送餐	物流	8071
1069118895555	招商银行	银行	8049
106905403002	中国平安	保险	8020
95598	电力系统	电力	7806
10690799888	交通银行信用卡	银行	7643
106575258188	支付宝	移动支付	7516
118010	中国电信天翼视讯	通信	7509
106575170001	支付宝	移动支付	7493
106550010010	腾讯王卡	通信	7458
10691159888	交通银行信用卡	银行	7405
1008633	中国移动	通信	7195
1065510198	联通秘书	增值服务	6715
95539	中国南方航空	公共交通	6705
10658121	中国天气网	政府机构	6640
106911395555	招商银行	银行	6631
106905695528	浦发银行	银行	6559
106980095595	光大银行	银行	6488
1008611	中国移动	通信	6478
106575170005	网商银行	银行	6293
10657565096633	四川农村信用社	银行	6171
